City_ID,City,Lat,Lng,Max Temp,Humidity,Cloudiness,Wind Speed,Country,Date
0,Ushuaia,-54.8,-68.3,44.26,70,20,19.57,AR,2021-12-02 03:53:07
1,Tinde,-3.8833,33.2,69.76,71,67,7.47,TZ,2021-12-02 03:54:45
2,Port Elizabeth,-33.918,25.5701,66.09,88,0,20.71,ZA,2021-12-02 03:54:46
3,Malatya,38.5,38.0,30.25,64,0,6.91,TR,2021-12-02 03:54:46
4,Conceicao Do Araguaia,-8.2578,-49.2647,72.46,95,100,1.3,BR,2021-12-02 03:54:46
5,Salisbury,51.0693,-1.7957,36.48,83,10,8.23,GB,2021-12-02 03:53:38
6,Tucuman,-26.8241,-65.2226,78.8,61,40,4.61,AR,2021-12-02 03:54:47
7,Hithadhoo,-0.6,73.0833,82.15,74,90,6.08,MV,2021-12-02 03:54:47
8,Maniitsoq,65.4167,-52.9,33.01,86,100,8.72,GL,2021-12-02 03:54:47
9,Moose Factory,51.2585,-80.6094,19.38,79,90,6.91,CA,2021-12-02 03:54:48
10,Walvis Bay,-22.9575,14.5053,58.08,94,3,10.36,NA,2021-12-02 03:54:48
11,Talara,-4.5772,-81.2719,66.4,83,96,10.8,PE,2021-12-02 03:54:48
12,General Roca,-39.0333,-67.5833,71.62,34,73,12.93,AR,2021-12-02 03:54:48
13,Hermanus,-34.4187,19.2345,57.9,76,65,7.34,ZA,2021-12-02 03:54:49
14,Port Alfred,-33.5906,26.891,66.52,93,95,11.99,ZA,2021-12-02 03:54:49
15,Jamestown,42.097,-79.2353,39.72,92,90,4.0,US,2021-12-02 03:54:50
16,East London,-33.0153,27.9116,67.14,94,90,8.05,ZA,2021-12-02 03:51:14
17,Mar Del Plata,-38.0023,-57.5575,61.88,87,0,15.01,AR,2021-12-02 03:54:50
18,Umm Kaddadah,13.6017,26.6876,69.12,29,0,20.0,SD,2021-12-02 03:54:50
19,Korla,41.7597,86.1469,27.75,52,1,5.82,CN,2021-12-02 03:54:51
20,Ponta Do Sol,32.6667,-17.1,64.71,73,19,4.94,PT,2021-12-02 03:54:51
21,Longyearbyen,78.2186,15.6401,12.04,57,20,11.5,SJ,2021-12-02 03:54:51
22,Manavgat,36.7867,31.4431,55.83,45,0,6.62,TR,2021-12-02 03:54:48
23,Kruisfontein,-34.0033,24.7314,63.88,88,100,14.88,ZA,2021-12-02 03:54:52
24,Lebu,-37.6167,-73.65,52.92,92,100,12.77,CL,2021-12-02 03:54:52
25,Georgetown,5.4112,100.3354,78.89,89,40,1.99,MY,2021-12-02 03:50:45
26,Iqaluit,63.7506,-68.5145,13.73,79,75,2.3,CA,2021-12-02 03:53:29
27,Salalah,17.0151,54.0924,75.61,44,0,4.63,OM,2021-12-02 03:54:52
28,Luderitz,-26.6481,15.1594,58.46,69,0,14.83,NA,2021-12-02 03:54:53
29,Touros,-5.1989,-35.4608,79.7,77,86,10.56,BR,2021-12-02 03:54:53
30,Rio Grande,-32.035,-52.0986,62.94,69,79,9.35,BR,2021-12-02 03:54:53
31,Horki,54.2861,30.9842,25.03,91,100,13.24,BY,2021-12-02 03:54:54
32,Machiques,10.0644,-72.545,74.08,67,27,3.36,VE,2021-12-02 03:54:54
33,Inta,66.0317,60.1659,11.43,86,100,11.63,RU,2021-12-02 03:54:54
34,Lai,9.3952,16.2989,71.24,29,79,4.23,TD,2021-12-02 03:54:55
35,Bredasdorp,-34.5322,20.0403,58.95,69,80,8.66,ZA,2021-12-02 03:54:55
36,Santiago Del Estero,-27.7951,-64.2615,75.02,38,32,8.63,AR,2021-12-02 03:54:55
37,Souillac,-20.5167,57.5167,82.36,74,75,6.91,MU,2021-12-02 03:54:56
38,Arlit,18.7369,7.3853,63.82,22,2,0.98,NE,2021-12-02 03:54:56
39,Arraial Do Cabo,-22.9661,-42.0278,73.02,87,56,7.83,BR,2021-12-02 03:54:56
40,San Carlos De Bariloche,-41.1456,-71.3082,44.35,61,40,9.22,AR,2021-12-02 03:54:57
41,Cape Town,-33.9258,18.4232,59.41,74,20,8.05,ZA,2021-12-02 03:51:03
42,Nanortalik,60.1432,-45.2371,33.08,92,100,21.56,GL,2021-12-02 03:54:57
43,Busselton,-33.65,115.3333,72.09,35,5,1.88,AU,2021-12-02 03:54:57
44,Malakal,9.5334,31.6605,76.98,46,9,4.88,SS,2021-12-02 03:54:58
45,Qaanaaq,77.484,-69.3632,4.77,67,12,6.62,GL,2021-12-02 03:54:58
46,Masindi,1.6744,31.715,63.7,84,53,2.55,UG,2021-12-02 03:54:58
47,Kitgum,3.2783,32.8867,66.33,59,64,2.68,UG,2021-12-02 03:55:59
48,Santa Rosa,14.3122,121.1114,87.12,58,73,15.39,PH,2021-12-02 03:55:59
49,Upernavik,72.7868,-56.1549,28.09,96,100,5.7,GL,2021-12-02 03:55:59
50,Khoy,38.5504,44.9535,39.96,77,90,6.76,IR,2021-12-02 03:56:00
51,Nanyamba,-10.6833,39.8333,73.72,86,28,1.28,TZ,2021-12-02 03:56:00
52,Victoria,22.2855,114.1577,68.04,36,11,1.99,HK,2021-12-02 03:52:44
53,Ostersund,63.1792,14.6357,14.61,92,90,0.0,SE,2021-12-02 03:56:00
54,Hobyo,5.3505,48.5268,79.34,66,99,15.93,SO,2021-12-02 03:56:01
55,Kayattar,8.95,77.8,80.1,76,97,8.77,IN,2021-12-02 03:56:01
56,Graaff-Reinet,-32.2522,24.5308,62.92,74,82,5.03,ZA,2021-12-02 03:56:01
57,Nizwa,22.9333,57.5333,69.98,52,0,1.36,OM,2021-12-02 03:56:01
58,Punta Arenas,-53.15,-70.9167,44.71,70,20,9.22,CL,2021-12-02 03:56:02
59,Shelburne,44.0787,-80.2041,36.05,87,100,16.42,CA,2021-12-02 03:56:02
60,Richards Bay,-28.783,32.0377,74.35,82,51,15.68,ZA,2021-12-02 03:56:02
61,Bagepalli,13.7847,77.7931,71.94,76,11,7.07,IN,2021-12-02 03:56:03
62,Tasiilaq,65.6145,-37.6368,25.81,90,100,32.46,GL,2021-12-02 03:56:03
63,Bay Roberts,47.5999,-53.2648,38.52,92,58,6.6,CA,2021-12-02 03:52:33
64,Vestmannaeyjar,63.4427,-20.2734,38.84,98,100,35.77,IS,2021-12-02 03:56:03
65,Coihaique,-45.5752,-72.0662,43.41,75,0,3.44,CL,2021-12-02 03:56:04
66,Bandarbeyla,9.4942,50.8122,76.3,62,0,14.0,SO,2021-12-02 03:56:04
67,Mahebourg,-20.4081,57.7,82.26,74,75,6.91,MU,2021-12-02 03:56:04
68,Japura,-0.3167,102.35,92.34,53,47,1.45,ID,2021-12-02 03:56:05
69,Semnan,35.5729,53.3971,51.44,40,98,0.83,IR,2021-12-02 03:56:05
70,Bathsheba,13.2167,-59.5167,81.21,78,40,20.71,BB,2021-12-02 03:56:05
71,Flers,48.7372,-0.5747,39.45,84,69,10.02,FR,2021-12-02 03:52:19
72,Warangal,18.0,79.5833,73.76,65,43,7.38,IN,2021-12-02 03:56:05
73,Goderich,43.7501,-81.7165,39.9,87,100,11.5,CA,2021-12-02 03:56:06
74,Tucuma,-0.1833,-50.05,76.39,93,99,4.54,BR,2021-12-02 03:56:06
75,Sokoto,13.0609,5.239,70.72,19,85,10.87,NG,2021-12-02 03:56:07
76,Grand Gaube,-20.0064,57.6608,82.38,66,1,10.0,MU,2021-12-02 03:56:07
77,Hun,29.1268,15.9477,51.57,63,97,7.9,LY,2021-12-02 03:56:07
78,Dingle,10.9995,122.6711,78.84,89,100,12.01,PH,2021-12-02 03:56:07
79,Dubovskoye,47.4092,42.7575,33.1,78,100,11.7,RU,2021-12-02 03:56:08
80,Vardo,70.3705,31.1107,28.6,58,100,30.65,NO,2021-12-02 03:56:08
81,Havoysund,70.9963,24.6622,31.08,58,100,24.4,NO,2021-12-02 03:56:08
82,Massakory,12.996,15.7293,72.37,22,12,15.41,TD,2021-12-02 03:56:09
83,Sambava,-14.2667,50.1667,76.62,80,20,7.99,MG,2021-12-02 03:56:09
84,Puerto Madryn,-42.7692,-65.0385,66.56,27,59,25.46,AR,2021-12-02 03:56:09
85,Troyes,48.3333,4.0833,42.22,93,90,11.5,FR,2021-12-02 03:56:09
86,Fenoarivo,-18.933,47.4354,64.47,82,75,6.91,MG,2021-12-02 03:56:10
87,Leshukonskoye,64.8989,45.7622,19.6,97,100,1.36,RU,2021-12-02 03:56:10
88,Zharkent,44.1628,80.0,37.74,33,65,2.73,KZ,2021-12-02 03:56:10
89,Cururupu,-1.8283,-44.8683,76.69,86,85,3.53,BR,2021-12-02 03:56:11
90,Mende,44.6667,3.5,28.78,97,90,3.98,FR,2021-12-02 03:56:11
91,Ilulissat,69.2167,-51.1,25.75,64,91,12.57,GL,2021-12-02 03:56:11
92,Dolores,-36.3132,-57.6792,53.01,90,0,6.17,AR,2021-12-02 03:56:12
93,Saquena,-4.6667,-73.5167,73.71,96,100,2.39,PE,2021-12-02 03:56:12
94,Henderson,36.0397,-114.9819,67.28,16,1,0.0,US,2021-12-02 03:57:12
95,Bridlington,54.0831,-0.1919,37.58,66,71,29.1,GB,2021-12-02 03:57:13
96,Atbasar,51.8,68.3333,33.53,76,100,15.55,KZ,2021-12-02 03:57:13
97,Ormara,25.2088,64.6357,75.36,40,0,5.82,PK,2021-12-02 03:57:13
98,Chuy,-33.6971,-53.4616,57.6,78,14,4.99,UY,2021-12-02 03:57:13
99,Paso De Los Toros,-32.8167,-56.5167,58.51,84,2,10.49,UY,2021-12-02 03:57:14
100,Bilma,18.6853,12.9164,64.56,20,3,6.78,NE,2021-12-02 03:57:14
101,Comodoro Rivadavia,-45.8667,-67.5,55.26,30,0,27.63,AR,2021-12-02 03:57:14
102,Hargeysa,9.56,44.065,59.31,28,19,7.61,SO,2021-12-02 03:57:15
103,Scarborough,54.2797,-0.4044,36.54,80,61,5.01,GB,2021-12-02 03:57:15
104,Tandalti,13.0167,31.8667,74.66,23,1,9.06,SD,2021-12-02 03:57:15
105,Altay,47.8667,88.1167,25.03,54,47,6.29,CN,2021-12-02 03:57:16
106,Chapais,49.7834,-74.8492,10.18,88,100,7.72,CA,2021-12-02 03:57:16
107,Zeewolde,52.3333,5.4833,40.95,93,98,3.0,NL,2021-12-02 03:57:16
108,Castro,-24.7911,-50.0119,62.28,89,61,10.0,BR,2021-12-02 03:57:16
109,Kamenka,51.3223,42.7678,31.75,78,100,12.41,RU,2021-12-02 03:57:17
110,Rundu,-17.9333,19.7667,70.07,67,97,5.39,NA,2021-12-02 03:57:17
111,Joao Neiva,-19.7575,-40.3856,76.01,97,27,3.85,BR,2021-12-02 03:57:17
112,Dikson,73.5069,80.5464,-8.63,96,100,16.04,RU,2021-12-02 03:57:18
113,Huescar,37.811,-2.5412,44.26,83,100,16.26,ES,2021-12-02 03:57:18
114,Dalvik,65.9702,-18.5286,21.13,91,100,10.74,IS,2021-12-02 03:57:19
115,San Cristobal,7.7669,-72.225,68.18,92,61,1.72,VE,2021-12-02 03:57:19
116,Mogadishu,2.0371,45.3438,81.43,72,98,11.14,SO,2021-12-02 03:57:19
117,Zyryanskoye,56.8306,86.6258,19.65,85,100,10.67,RU,2021-12-02 03:57:20
118,Mezen,65.8522,44.24,15.4,94,100,7.45,RU,2021-12-02 03:57:20
119,Makaryev,57.8797,43.8069,18.9,93,98,8.84,RU,2021-12-02 03:57:20
120,Sorland,67.667,12.6934,35.98,53,100,35.99,NO,2021-12-02 03:57:20
121,Makhachkala,42.9764,47.5024,41.02,64,100,4.54,RU,2021-12-02 03:57:21
122,Port-Gentil,-0.7193,8.7815,79.21,85,100,7.85,GA,2021-12-02 03:57:21
123,Yenagoa,4.9247,6.2642,76.28,93,87,3.4,NG,2021-12-02 03:57:21
124,Bahadurganj,26.2667,87.8167,74.73,44,51,1.43,IN,2021-12-02 03:57:22
125,Cabedelo,-6.9811,-34.8339,79.47,77,99,11.5,BR,2021-12-02 03:57:22
126,Ormond Beach,29.2858,-81.0559,64.09,77,1,0.0,US,2021-12-02 03:53:56
127,Waddan,29.1614,16.139,51.51,65,94,8.14,LY,2021-12-02 03:57:22
128,Ler,8.3018,30.1418,75.97,55,59,2.84,SS,2021-12-02 03:57:23
129,Sao Goncalo Do Sapucai,-21.8922,-45.5953,62.94,92,0,2.55,BR,2021-12-02 03:57:23
130,Amparafaravola,-17.5833,48.2167,68.83,76,21,7.45,MG,2021-12-02 03:57:23
131,Boueni,-12.9025,45.0761,80.58,70,16,1.07,YT,2021-12-02 03:57:24
132,Diamantino,-14.4086,-56.4461,73.22,90,98,3.6,BR,2021-12-02 03:57:24
133,Tabuk,17.4189,121.4443,73.35,76,69,13.13,PH,2021-12-02 03:57:24
134,Luanda,-8.8368,13.2343,77.86,82,100,7.74,AO,2021-12-02 03:57:25
135,Thompson,55.7435,-97.8558,-3.84,71,40,8.05,CA,2021-12-02 03:56:22
136,Ornskoldsvik,63.2909,18.7153,9.55,92,90,5.75,SE,2021-12-02 03:57:25
137,Den Helder,52.9599,4.7593,40.98,80,40,17.0,NL,2021-12-02 03:57:26
138,Cidreira,-30.1811,-50.2056,65.03,71,94,6.31,BR,2021-12-02 03:58:26
139,Tromso,69.6496,18.957,32.02,51,0,9.22,NO,2021-12-02 03:58:26
140,Clyde River,70.4692,-68.5914,7.03,85,100,20.71,CA,2021-12-02 03:58:27
141,Paamiut,61.994,-49.6678,28.9,96,100,17.54,GL,2021-12-02 03:58:27
142,Halifax,44.6453,-63.5724,37.45,95,31,4.61,CA,2021-12-02 03:57:31
143,Vilhena,-12.7406,-60.1458,69.12,99,88,3.56,BR,2021-12-02 03:58:27
144,Stornoway,58.2093,-6.3865,34.93,89,40,1.01,GB,2021-12-02 03:58:27
145,Vieira De Leiria,39.8695,-8.9324,53.67,87,85,26.46,PT,2021-12-02 03:58:28
146,Lasa,46.6166,10.7002,36.34,96,100,3.11,IT,2021-12-02 03:58:28
147,Hamilton,39.1834,-84.5333,53.11,89,75,1.99,US,2021-12-02 03:57:59
148,Saldanha,-33.0117,17.9442,55.45,79,0,18.1,ZA,2021-12-02 03:58:29
149,Urumqi,43.801,87.6005,9.55,85,1,4.47,CN,2021-12-02 03:58:29
150,Dolni Dabnik,43.4,24.4333,33.62,80,1,2.3,BG,2021-12-02 03:58:29
151,Curuca,-0.7289,-47.8481,75.63,93,41,3.53,BR,2021-12-02 03:58:30
152,Saint-Pierre,-21.3393,55.4781,80.24,74,40,10.36,RE,2021-12-02 03:57:40
153,Klaksvik,62.2266,-6.589,34.72,62,98,22.28,FO,2021-12-02 03:58:30
154,Saint George,37.1041,-113.5841,62.35,33,0,1.99,US,2021-12-02 03:56:32
155,Soyo,-6.1349,12.3689,77.49,88,99,4.12,AO,2021-12-02 03:58:30
156,Ribeira Grande,38.5167,-28.7,64.15,80,3,5.26,PT,2021-12-02 03:58:31
157,Rengali,21.6333,84.05,62.87,47,5,4.63,IN,2021-12-02 03:58:31
158,Mtama,-10.3,39.3667,75.0,87,46,2.33,TZ,2021-12-02 03:58:31
159,Sabla,12.7525,4.7077,71.19,19,100,10.98,NG,2021-12-02 03:58:32
160,Camacha,33.0833,-16.3333,60.53,72,40,9.22,PT,2021-12-02 03:58:32
161,Coquimbo,-29.9533,-71.3436,58.73,82,0,2.3,CL,2021-12-02 03:58:32
162,Yei,4.095,30.6779,67.01,82,53,2.86,SS,2021-12-02 03:58:32
163,Saint-Philippe,-21.3585,55.7679,80.15,84,59,11.12,RE,2021-12-02 03:58:33
164,Itarema,-2.9248,-39.9167,79.83,79,92,11.83,BR,2021-12-02 03:58:33
165,Ugoofaaru,5.6667,73.0,81.73,76,25,6.98,MV,2021-12-02 03:58:33
166,Hurghada,27.2574,33.8129,64.44,59,0,16.11,EG,2021-12-02 03:58:34
167,Poli,-3.3333,36.8,61.57,94,75,11.5,TZ,2021-12-02 03:58:34
168,Tazovskiy,67.4667,78.7,-6.86,95,100,16.31,RU,2021-12-02 03:58:34
169,Rio Gallegos,-51.6226,-69.2181,46.45,46,0,11.5,AR,2021-12-02 03:56:05
170,Verkhnyaya Sinyachikha,57.976,61.6673,36.27,92,100,8.81,RU,2021-12-02 03:58:35
171,Bereda,43.2686,-7.5406,46.15,100,79,7.92,ES,2021-12-02 03:58:35
172,Ust-Ishim,57.6935,71.1665,32.27,78,100,11.18,RU,2021-12-02 03:58:35
173,Belmonte,-15.8631,-38.8828,77.5,89,100,11.5,BR,2021-12-02 03:58:35
174,Frumusica,47.5333,26.9,42.35,71,84,6.13,RO,2021-12-02 03:58:36
175,Parrsboro,45.4001,-64.332,36.7,70,68,3.0,CA,2021-12-02 03:58:36
176,Patur,20.45,76.9333,72.0,41,98,7.76,IN,2021-12-02 03:58:36
177,Puerto Leguizamo,-0.1934,-74.7819,74.68,85,99,2.08,CO,2021-12-02 03:58:37
178,Calvinia,-31.4707,19.776,53.02,75,100,4.5,ZA,2021-12-02 03:58:37
179,Narsaq,60.9167,-46.05,30.09,98,100,12.3,GL,2021-12-02 03:58:37
180,Codrington,-38.2667,141.9667,64.29,71,81,18.75,AU,2021-12-02 03:58:38
181,Novyy Urengoy,66.0833,76.6333,-0.26,97,100,14.14,RU,2021-12-02 03:58:38
182,Jablanica,43.6603,17.7617,46.53,100,100,4.59,BA,2021-12-02 03:57:02
183,Salamiyah,35.0113,37.0532,50.23,69,5,11.07,SY,2021-12-02 03:58:38
184,Pila,53.1515,16.7378,36.9,76,96,26.08,PL,2021-12-02 03:58:39
185,Bambous Virieux,-20.3428,57.7575,82.22,74,75,6.91,MU,2021-12-02 03:58:39
186,Sao Filipe,14.8961,-24.4956,74.46,67,100,9.15,CV,2021-12-02 03:59:39
187,Wernigerode,51.8333,10.7833,38.21,78,90,15.66,DE,2021-12-02 03:59:39
188,Gloucester,51.8657,-2.2431,37.45,88,35,7.61,GB,2021-12-02 03:59:40
189,Dorado,18.4588,-66.2677,78.94,84,46,8.84,PR,2021-12-02 03:59:40
190,Saint Anthony,45.0205,-93.218,49.84,78,92,3.0,US,2021-12-02 03:59:40
191,Aksarka,66.5606,67.7975,0.79,96,100,14.47,RU,2021-12-02 03:59:41
192,Pavino,59.1139,46.1414,18.7,93,100,8.28,RU,2021-12-02 03:59:41
193,Gambela,8.25,34.5833,76.48,55,16,2.89,ET,2021-12-02 03:59:41
194,Nouadhibou,20.931,-17.0347,66.11,46,72,21.16,MR,2021-12-02 03:59:42
195,Ivanava,52.1451,25.5365,39.49,95,100,17.47,BY,2021-12-02 03:59:42
196,Pirgos,35.1167,25.7178,54.63,63,0,5.1,GR,2021-12-02 03:59:42
197,Sao Felix Do Xingu,-6.6447,-51.995,72.41,99,100,1.28,BR,2021-12-02 03:59:43
198,Kokrek,43.2364,46.7267,39.07,76,80,5.37,RU,2021-12-02 03:59:43
199,Berlevag,70.8578,29.0864,33.24,61,100,26.31,NO,2021-12-02 03:59:43
200,Girau Do Ponciano,-9.8842,-36.8289,73.15,83,78,8.79,BR,2021-12-02 03:59:44
201,Burgos,42.3394,-3.7079,34.21,100,75,4.61,ES,2021-12-02 03:59:44
202,Great Yarmouth,52.6083,1.7305,37.65,80,87,28.83,GB,2021-12-02 03:59:44
203,Husavik,66.0449,-17.3389,21.11,90,100,14.88,IS,2021-12-02 03:59:44
204,Banda Aceh,5.5577,95.3222,84.47,65,77,3.85,ID,2021-12-02 03:57:21
205,Sao Joao Da Barra,-21.6403,-41.0511,71.53,95,3,7.36,BR,2021-12-02 03:59:45
206,Talnakh,69.4865,88.3972,-22.77,97,24,4.9,RU,2021-12-02 03:59:45
207,Bengkulu,-3.8004,102.2655,83.66,65,43,8.48,ID,2021-12-02 03:59:45
208,Praia Da Vitoria,38.7333,-27.0667,62.85,94,75,5.14,PT,2021-12-02 03:59:46
209,Linhares,-19.3911,-40.0722,72.16,98,32,6.08,BR,2021-12-02 03:59:46
210,Kafanchan,9.5833,8.3,68.34,27,97,5.93,NG,2021-12-02 03:59:46
211,Tiznit,29.5833,-9.5,51.85,56,0,2.01,MA,2021-12-02 03:59:47
212,Severodvinsk,64.5635,39.8302,15.91,95,100,5.1,RU,2021-12-02 03:54:54
213,Port Blair,11.6667,92.75,78.84,89,90,9.22,IN,2021-12-02 03:59:47
214,Mansa,29.9833,75.3833,67.73,26,100,2.86,IN,2021-12-02 03:59:47
215,Balkanabat,39.5108,54.3671,60.01,55,100,7.16,TM,2021-12-02 03:59:48
216,Ardesen,41.1911,40.9875,46.36,75,99,5.32,TR,2021-12-02 03:59:48
217,The Valley,18.217,-63.0578,81.1,74,97,21.12,AI,2021-12-02 03:59:48
218,Vila Velha,-20.3297,-40.2925,76.95,91,75,3.44,BR,2021-12-02 03:59:33
219,Turtas,58.9417,69.1325,34.57,80,100,13.29,RU,2021-12-02 03:59:49
220,Pisco,-13.7,-76.2167,64.45,82,0,6.91,PE,2021-12-02 03:59:49
221,Solwezi,-12.1688,26.3894,60.91,81,72,2.51,ZM,2021-12-02 03:59:49
222,Ituango,7.1712,-75.764,58.8,98,68,0.94,CO,2021-12-02 03:59:50
223,Vestmanna,62.1564,-7.1664,32.92,60,75,14.97,FO,2021-12-02 03:59:50
224,Huarmey,-10.0681,-78.1522,66.2,86,100,6.29,PE,2021-12-02 03:59:50
225,Las Lomas,8.4333,-82.4,76.41,94,40,0.0,PA,2021-12-02 03:59:50
226,Baghmara,23.795,86.2085,73.22,43,5,5.1,IN,2021-12-02 03:59:51
227,Salinas,36.6777,-121.6555,62.82,45,0,2.37,US,2021-12-02 03:58:21
228,Lewisporte,49.2499,-55.0482,33.55,76,81,6.6,CA,2021-12-02 03:59:51
229,Caravelas,-17.7125,-39.2481,73.38,95,76,7.02,BR,2021-12-02 03:59:52
230,Gandorhun,7.5,-11.8333,75.15,93,98,0.72,SL,2021-12-02 03:59:52
231,Krasnoselkup,65.7,82.4667,3.49,94,100,14.61,RU,2021-12-02 03:55:02
232,Paita,-5.0892,-81.1144,65.55,84,100,7.65,PE,2021-12-02 03:59:52
233,Mamlyutka,54.9375,68.5394,33.82,77,100,15.9,KZ,2021-12-02 04:00:52
234,Sivas,39.7916,37.0019,27.59,83,9,2.46,TR,2021-12-02 04:00:53
235,Uray,60.1247,64.7758,34.47,93,100,12.55,RU,2021-12-02 04:00:53
236,Musoma,-1.5,33.8,66.33,83,58,7.94,TZ,2021-12-02 04:00:54
237,Thinadhoo,0.5333,72.9333,82.11,75,72,6.4,MV,2021-12-02 04:00:54
238,Surt,31.2089,16.5887,55.94,64,1,11.45,LY,2021-12-02 04:00:54
239,Atar,20.5169,-13.0499,68.88,14,100,9.86,MR,2021-12-02 04:00:55
240,Sabha,27.0377,14.4283,53.37,53,93,9.86,LY,2021-12-02 04:00:55
241,Antigonish,45.6169,-61.9986,37.2,90,85,10.02,CA,2021-12-02 04:00:55
242,Shu,43.5983,73.7614,41.67,47,65,10.0,KZ,2021-12-02 04:00:56
243,Oudtshoorn,-33.5907,22.2014,57.56,80,100,6.6,ZA,2021-12-02 04:00:56
244,Kabo,7.6994,18.629,73.51,31,43,2.3,CF,2021-12-02 04:00:56
245,Nicoya,10.1483,-85.452,72.41,89,91,6.44,CR,2021-12-02 04:00:57
246,Dindori,22.95,81.0833,70.07,35,58,3.78,IN,2021-12-02 04:00:57
247,Inhambane,-23.865,35.3833,75.34,78,35,10.42,MZ,2021-12-02 04:00:57
248,Sikandarpur,26.05,84.05,72.66,40,91,4.9,IN,2021-12-02 04:00:57
249,Vyritsa,59.4078,30.3481,18.91,98,92,3.02,RU,2021-12-02 04:00:58
250,Karaton,-6.3424,106.1045,89.76,61,61,7.58,ID,2021-12-02 04:00:58
251,Oktyabrskiy,54.4815,53.471,26.64,91,50,9.44,RU,2021-12-02 04:00:58
252,Balvi,57.1313,27.2658,24.28,95,100,8.48,LV,2021-12-02 04:00:59
253,Mao,39.8885,4.2658,52.36,93,40,5.75,ES,2021-12-02 04:00:59
254,Mannarakkat,10.9833,76.4667,82.87,66,10,3.24,IN,2021-12-02 04:01:21
255,Lubango,-14.9172,13.4925,60.96,85,97,2.3,AO,2021-12-02 04:01:21
256,Acopiara,-6.0953,-39.4525,76.77,72,75,8.5,BR,2021-12-02 04:01:21
257,Meteti,8.4983,-77.9786,72.43,98,83,0.6,PA,2021-12-02 04:01:21
258,Oranjemund,-28.55,16.4333,59.02,92,53,13.4,NA,2021-12-02 04:01:22
259,Santa Maria,-29.6842,-53.8069,61.79,77,60,9.53,BR,2021-12-02 04:01:22
260,Volchikha,52.0333,80.3833,24.44,70,2,10.16,RU,2021-12-02 04:01:22
261,Carnarvon,-24.8667,113.6333,76.86,48,0,20.02,AU,2021-12-02 04:01:23
262,Maldonado,-34.6667,-54.9167,60.19,87,9,4.83,UY,2021-12-02 03:56:27
263,San Bartolome De Tirajana,27.9248,-15.5733,55.87,65,40,19.57,ES,2021-12-02 04:01:23
264,Zhanaozen,43.3,52.8,38.52,77,97,9.6,KZ,2021-12-02 04:01:23
265,Le Port,-20.9373,55.2919,80.56,64,12,3.27,RE,2021-12-02 04:01:24
266,Cockburn Town,21.4612,-71.1419,80.35,73,1,14.54,TC,2021-12-02 04:01:24
267,Faya,18.3851,42.4509,51.3,51,1,2.55,SA,2021-12-02 04:01:24
268,Tambura,5.6,27.4667,75.52,71,82,1.79,SS,2021-12-02 04:01:24
269,Salinopolis,-0.6136,-47.3561,80.6,80,62,10.13,BR,2021-12-02 04:01:25
270,Olavarria,-36.8927,-60.3225,55.54,72,1,9.95,AR,2021-12-02 04:01:25
271,Kabare,-2.4683,28.8242,59.09,93,90,1.92,CD,2021-12-02 04:01:25
272,Brewster,41.3973,-73.6171,41.43,80,100,2.91,US,2021-12-02 04:01:26
273,Kralendijk,12.15,-68.2667,81.32,81,100,19.46,BQ,2021-12-02 04:01:26
274,Humberto De Campos,-2.5983,-43.4611,77.7,87,55,6.26,BR,2021-12-02 04:01:26
275,Svetlyy,54.675,20.1347,38.97,75,100,26.96,RU,2021-12-02 04:01:27
276,Aasiaat,68.7098,-52.8699,21.78,73,94,10.49,GL,2021-12-02 04:01:27
277,Zlobin,45.2924,14.6541,46.38,84,40,9.22,HR,2021-12-02 04:01:27
278,Lagoa,39.05,-27.9833,62.94,82,0,7.94,PT,2021-12-02 04:01:28
279,Bystrice Pod Hostynem,49.3992,17.674,45.55,85,100,10.13,CZ,2021-12-02 04:01:28
280,Qaqortoq,60.7167,-46.0333,31.69,98,100,14.25,GL,2021-12-02 04:02:28
281,Rock Sound,24.9,-76.2,78.42,63,4,11.16,BS,2021-12-02 04:02:29
282,Pizarro,4.9533,-77.366,75.92,92,96,3.4,CO,2021-12-02 04:02:29
283,Darayya,33.459,36.2374,50.34,63,47,10.4,SY,2021-12-02 04:02:29
284,Torbay,47.6666,-52.7314,37.76,90,80,1.01,CA,2021-12-02 04:00:27
285,Algiers,36.7525,3.042,55.22,62,40,10.36,DZ,2021-12-02 04:02:30
286,Andenes,69.3143,16.1194,33.78,55,100,26.46,NO,2021-12-02 04:01:36
287,Hosakote,14.2769,77.1699,73.36,74,5,6.6,IN,2021-12-02 04:02:30
288,Makokou,0.5738,12.8642,69.51,97,93,2.42,GA,2021-12-02 04:02:30
289,Calabozo,8.9242,-67.4293,75.63,86,100,4.09,VE,2021-12-02 04:02:31
290,Fethiye,36.6217,29.1164,42.67,45,0,4.85,TR,2021-12-02 04:02:31
291,Sungurlu,40.1675,34.3739,33.21,74,5,3.98,TR,2021-12-02 04:02:31
292,Tevriz,57.509,72.4042,31.05,75,100,10.92,RU,2021-12-02 04:02:32
293,Riyadh,24.6877,46.7219,59.05,36,0,4.61,SA,2021-12-02 03:59:06
294,Tucurui,-3.7661,-49.6725,77.68,74,92,2.06,BR,2021-12-02 04:02:32
295,Matagami,49.7502,-77.6328,17.71,86,90,17.27,CA,2021-12-02 04:02:32
296,Adrar,20.5022,-10.0711,67.17,14,100,10.04,MR,2021-12-02 04:02:32
297,Olinda,-8.0089,-34.8553,79.95,77,86,11.74,BR,2021-12-02 04:02:33
298,Lehigh Acres,26.6254,-81.6248,67.95,86,76,3.67,US,2021-12-02 04:00:07
299,Axim,4.8699,-2.2405,78.24,87,29,5.44,GH,2021-12-02 04:02:33
300,Maksatikha,57.797,35.8825,14.59,95,97,6.42,RU,2021-12-02 04:02:33
301,Los Llanos De Aridane,28.6585,-17.9182,64.15,75,40,1.01,ES,2021-12-02 04:02:34
302,Misratah,32.3754,15.0925,56.66,52,4,13.65,LY,2021-12-02 04:02:34
303,Eruwa,7.5333,3.4167,73.35,98,69,3.15,NG,2021-12-02 04:02:34
304,Lavumisa,-27.31,31.892,71.71,88,27,5.73,SZ,2021-12-02 04:02:35
305,Campos,-21.75,-41.3,70.25,97,5,5.64,BR,2021-12-02 04:02:35
306,Xacmaz,41.4635,48.806,44.24,80,99,4.63,AZ,2021-12-02 04:02:36
307,Clonakilty,51.6231,-8.8706,40.21,73,49,10.49,IE,2021-12-02 04:02:36
308,Naples,40.8333,14.25,57.81,79,75,4.0,IT,2021-12-02 04:00:33
309,Pansemal,21.65,74.7,58.91,86,100,10.51,IN,2021-12-02 04:02:36
310,Talcahuano,-36.7167,-73.1167,53.55,89,100,8.95,CL,2021-12-02 04:02:37
311,Solvychegodsk,61.3305,46.9156,21.67,95,99,8.32,RU,2021-12-02 04:02:37
312,Shadrinsk,56.0852,63.6335,35.17,87,100,13.51,RU,2021-12-02 04:02:37
313,Namibe,-15.1961,12.1522,69.67,82,99,2.62,AO,2021-12-02 04:02:38
314,Darnah,32.767,22.6367,59.45,74,81,10.83,LY,2021-12-02 04:02:38
315,Terny,50.9833,33.9833,26.53,81,42,9.31,UA,2021-12-02 04:02:38
316,Les Cayes,18.2,-73.75,75.4,77,61,4.0,HT,2021-12-02 04:02:39
317,Lima,-12.0432,-77.0282,66.9,80,0,12.66,PE,2021-12-02 03:58:00
318,Margate,51.3813,1.3862,37.87,71,36,7.0,GB,2021-12-02 04:02:39
319,La Sarre,48.8002,-79.1996,23.2,95,100,13.8,CA,2021-12-02 04:00:12
320,Caledonia,42.8078,-87.9242,49.46,79,1,5.99,US,2021-12-02 04:02:39
321,Nabisar,25.0685,69.6419,72.79,59,42,4.81,PK,2021-12-02 04:02:40
322,Varzea Grande,-15.6467,-56.1325,75.16,89,100,4.7,BR,2021-12-02 04:02:40
323,Inirida,3.8653,-67.9239,74.71,94,100,2.33,CO,2021-12-02 04:02:40
324,Zemaiciu Naumiestis,55.3592,21.7022,36.39,100,100,11.25,LT,2021-12-02 04:03:41
325,Sarakhs,36.5449,61.1577,67.66,24,34,24.65,IR,2021-12-02 04:03:41
326,Omboue,-1.5746,9.2618,75.47,94,100,4.56,GA,2021-12-02 04:03:41
327,Saint-Augustin,51.226,-58.6502,16.52,90,100,1.99,CA,2021-12-02 04:03:42
328,Nizhnyaya Tavda,57.6731,66.1725,34.09,85,98,12.37,RU,2021-12-02 04:03:42
329,Sao Lourenco Do Sul,-31.3653,-51.9783,62.89,72,73,7.02,BR,2021-12-02 04:03:42
330,Shubarshi,48.5872,57.1869,34.2,89,100,10.94,KZ,2021-12-02 04:03:43
331,Antalaha,-14.9003,50.2788,76.17,85,48,5.66,MG,2021-12-02 04:03:43
332,Malchin,53.7333,12.7833,36.01,96,100,27.07,DE,2021-12-02 04:03:44
333,Auch,43.65,0.5833,45.25,98,100,5.01,FR,2021-12-02 04:03:44
334,Borovskoy,53.8,64.15,32.83,85,45,15.21,KZ,2021-12-02 04:03:44
335,Villeneuve-Sur-Lot,44.5,0.6667,42.85,95,100,6.67,FR,2021-12-02 04:03:44
336,Planaltina,-15.4528,-47.6142,67.77,92,100,1.5,BR,2021-12-02 04:00:29
337,Japaratuba,-10.5933,-36.9403,79.88,89,74,8.39,BR,2021-12-02 04:03:45
338,Kongoussi,13.3258,-1.5347,73.35,20,65,6.51,BF,2021-12-02 04:03:45
339,Ongandjera,-17.8833,15.0667,71.91,45,100,7.16,NA,2021-12-02 04:03:45
340,Barabinsk,55.3571,78.357,14.74,82,100,11.05,RU,2021-12-02 04:03:46
341,Urucui,-7.2294,-44.5561,79.9,68,97,2.86,BR,2021-12-02 04:03:46
342,Iracoubo,5.4802,-53.2011,77.85,89,100,10.51,GF,2021-12-02 04:03:46
343,Anloga,5.7947,0.8973,80.74,82,74,10.4,GH,2021-12-02 04:03:47
344,Gazanjyk,39.2446,55.5154,55.96,71,92,7.29,TM,2021-12-02 04:03:47
345,Lohardaga,23.4333,84.6833,66.06,44,3,3.89,IN,2021-12-02 04:03:47
346,Bloemfontein,-29.1211,26.214,68.61,52,78,13.73,ZA,2021-12-02 04:03:47
347,Natalio,-26.7167,-55.0833,62.37,70,61,1.28,PY,2021-12-02 04:03:48
348,Tres Arroyos,-38.3739,-60.2798,60.98,54,65,12.55,AR,2021-12-02 04:03:48
349,Iralaya,15.0,-83.2333,77.59,85,92,10.0,HN,2021-12-02 04:03:48
350,Kavaratti,10.5669,72.642,82.38,77,46,11.97,IN,2021-12-02 04:03:49
351,Lambarene,-0.7001,10.2406,74.75,96,100,2.3,GA,2021-12-02 04:03:49
352,Analipsis,35.3167,25.5667,55.94,68,0,4.72,GR,2021-12-02 04:03:49
353,Dunkirk,51.05,2.3667,42.1,71,100,8.99,FR,2021-12-02 04:03:50
354,Macon,39.8667,-88.9668,49.75,87,1,8.05,US,2021-12-02 04:03:50
355,Joshimath,30.5667,79.5667,57.6,63,100,1.19,IN,2021-12-02 04:03:50
356,Namwala,-15.7504,26.4384,68.76,43,7,1.07,ZM,2021-12-02 04:03:51
357,Chingirlau,51.095,54.0814,29.23,88,55,10.76,KZ,2021-12-02 04:03:51
358,Laguna,38.421,-121.4238,65.97,90,1,0.0,US,2021-12-02 04:03:51
359,Lere,10.387,8.5726,65.46,29,97,5.44,NG,2021-12-02 04:03:51
360,Porto Novo,6.4965,2.6036,78.03,88,96,4.47,BJ,2021-12-02 04:03:52
361,Kasongo-Lunda,-6.4667,16.8167,66.92,98,83,0.94,CD,2021-12-02 04:03:52
362,Sisimiut,66.9395,-53.6735,31.12,83,100,3.0,GL,2021-12-02 04:03:53
363,Plouzane,48.3833,-4.6167,43.12,78,20,9.22,FR,2021-12-02 04:03:53
364,Lidkoping,58.5052,13.1577,30.22,85,100,18.48,SE,2021-12-02 04:03:54
365,Narasannapeta,18.4167,84.05,73.87,60,80,3.51,IN,2021-12-02 04:03:54
366,Usinsk,65.9939,57.5281,12.81,95,100,8.84,RU,2021-12-02 04:03:54
367,Yar-Sale,66.8333,70.8333,2.44,95,100,15.7,RU,2021-12-02 04:03:55
368,Visby,57.6409,18.296,33.06,100,90,24.16,SE,2021-12-02 04:03:55
369,Oktyabrskoye,43.0645,44.7417,23.14,100,58,4.47,RU,2021-12-02 04:03:55
370,Igunga,-4.2833,33.8833,70.0,68,13,3.91,TZ,2021-12-02 04:03:56
371,Taman,45.2117,36.7161,43.12,71,14,11.21,RU,2021-12-02 04:03:56
372,Murgab,37.4966,61.9714,68.22,25,52,24.36,TM,2021-12-02 04:04:56
373,Bonavista,48.6499,-53.1147,36.12,72,17,9.13,CA,2021-12-02 04:04:56
374,Zimovniki,47.1483,42.4633,36.46,78,98,12.28,RU,2021-12-02 04:04:57
375,Taoudenni,22.6783,-3.9836,65.44,16,100,9.4,ML,2021-12-02 04:04:57
376,Marsh Harbour,26.5412,-77.0636,74.7,77,41,16.42,BS,2021-12-02 04:04:57
377,Amot,59.5714,7.9877,14.47,72,45,7.09,NO,2021-12-02 04:04:58
378,Mocuba,-16.8392,36.9856,77.14,85,45,4.85,MZ,2021-12-02 04:04:58
379,Remigio,-6.9333,-35.7833,68.61,96,100,5.73,BR,2021-12-02 04:04:58
380,Saravena,6.9538,-71.8752,73.06,75,63,3.83,CO,2021-12-02 04:04:59
381,Badou,7.5833,0.6,71.74,67,74,1.21,TG,2021-12-02 04:04:59
382,Mount Darwin,-16.7725,31.5838,68.13,64,4,5.41,ZW,2021-12-02 04:04:59
383,Muravlenko,63.7898,74.523,30.54,98,100,15.48,RU,2021-12-02 04:05:00
384,Songea,-10.6833,35.65,64.85,91,29,6.24,TZ,2021-12-02 04:05:00
385,Manoel Urbano,-8.8389,-69.2597,73.06,90,100,2.91,BR,2021-12-02 04:05:00
386,Mahanoro,-19.9,48.8,76.89,80,54,3.13,MG,2021-12-02 04:05:00
387,Solenzo,12.1833,-4.0833,74.52,20,15,3.89,BF,2021-12-02 04:05:01
388,Westport,41.1415,-73.3579,46.76,76,90,0.0,US,2021-12-02 04:05:01
389,Sistranda,63.7256,8.834,31.96,57,99,23.2,NO,2021-12-02 04:05:02
390,Opuwo,-18.0607,13.84,71.44,20,90,2.19,NA,2021-12-02 04:01:11
391,Sorochinsk,52.4338,53.1583,26.29,93,36,7.72,RU,2021-12-02 04:05:02
392,Fonte Boa,-2.4959,-66.2662,72.05,99,99,1.48,BR,2021-12-02 04:05:02
393,Mogadouro,41.3403,-6.7119,40.78,88,100,14.41,PT,2021-12-02 04:05:03
394,Porto Nacional,-10.7081,-48.4172,77.0,92,100,2.8,BR,2021-12-02 04:05:03
395,Necochea,-38.5473,-58.7368,58.03,78,2,13.33,AR,2021-12-02 04:05:03
396,Aqtobe,50.2797,57.2072,33.89,86,90,11.18,KZ,2021-12-02 04:05:04
397,Sangre Grande,10.5835,-61.1177,79.05,90,100,9.17,TT,2021-12-02 04:05:04
398,Krasnoarmeyskiy,47.0114,42.2072,35.65,78,82,13.29,RU,2021-12-02 04:05:04
399,Bonthe,7.5264,-12.505,77.63,85,98,3.69,SL,2021-12-02 04:05:05
400,Zheshart,62.0731,49.5733,10.94,98,95,4.45,RU,2021-12-02 04:05:05
401,Mandera,3.9366,41.867,77.14,69,55,8.75,KE,2021-12-02 04:05:05
402,Grindavik,63.8424,-22.4338,37.87,100,90,31.07,IS,2021-12-02 04:05:06
403,Kalabo,-14.97,22.6814,70.93,62,63,4.45,ZM,2021-12-02 04:05:06
404,Mosetse,-20.75,26.65,72.88,42,10,8.99,BW,2021-12-02 04:05:06
405,Geesthacht,53.4333,10.3667,36.27,71,100,7.0,DE,2021-12-02 04:05:07
406,La Union,-5.4,-80.75,67.03,77,99,8.88,PE,2021-12-02 04:05:07
407,Quatre Cocos,-20.2078,57.7625,83.08,69,10,13.0,MU,2021-12-02 04:05:07
408,Sawakin,19.1059,37.3321,79.3,71,32,9.33,SD,2021-12-02 04:05:07
409,Pafos,34.7667,32.4167,55.31,66,0,10.36,CY,2021-12-02 04:05:08
410,Catabola,-12.15,17.2833,60.98,97,99,1.88,AO,2021-12-02 04:05:08
411,Presidencia Roque Saenz Pena,-26.7852,-60.4388,67.06,62,9,6.17,AR,2021-12-02 04:05:08
412,Port-Cartier,50.0334,-66.8654,23.45,70,78,9.66,CA,2021-12-02 04:05:09
413,Nioro,13.35,-15.75,73.63,23,93,6.93,GM,2021-12-02 04:05:09
414,Visp,46.2937,7.8815,40.41,96,100,4.34,CH,2021-12-02 04:05:09
415,Shchelkun,56.3034,60.9483,33.37,95,100,6.33,RU,2021-12-02 04:05:10
416,Pangnirtung,66.1451,-65.7125,-1.16,97,98,6.44,CA,2021-12-02 04:05:10
417,Maarianhamina,60.0973,19.9348,24.66,86,20,5.75,AX,2021-12-02 04:06:10
418,General Pico,-35.6566,-63.7568,67.93,60,84,10.33,AR,2021-12-02 04:06:11
419,Cornelio Procopio,-23.1811,-50.6467,72.23,54,0,5.21,BR,2021-12-02 04:06:11
420,Chiredzi,-21.05,31.6667,71.19,62,18,6.87,ZW,2021-12-02 04:06:11
421,Arkhangelsk,64.5401,40.5433,15.91,92,90,2.24,RU,2021-12-02 04:06:33
422,Wamba,8.9333,8.6,72.46,27,91,2.73,NG,2021-12-02 04:06:33
423,Buchanan,5.8808,-10.0467,73.36,85,60,3.09,LR,2021-12-02 04:06:33
424,Lubsko,51.7847,14.972,41.92,89,76,21.68,PL,2021-12-02 04:06:34
425,Progreso,21.2833,-89.6667,73.51,78,3,10.47,MX,2021-12-02 04:06:34
426,Oruro,-17.9833,-67.15,53.33,60,80,9.66,BO,2021-12-02 04:06:34
427,Dangriga,16.9692,-88.2321,72.99,82,22,2.06,BZ,2021-12-02 04:06:35
428,Colares,38.7992,-9.4469,56.28,86,99,15.01,PT,2021-12-02 04:06:35
429,Hofn,64.2539,-15.2082,29.73,96,100,6.2,IS,2021-12-02 04:06:35
430,Rorvik,64.8621,11.2373,31.32,68,97,11.27,NO,2021-12-02 04:06:36
431,Kibala,9.1104,18.3463,73.24,28,27,4.63,TD,2021-12-02 04:06:36
432,Santa Fe,-31.6333,-60.7,71.02,63,0,1.99,AR,2021-12-02 04:03:35
433,Umm Lajj,25.0213,37.2685,73.02,65,18,11.99,SA,2021-12-02 04:06:37
434,Plettenberg Bay,-34.0527,23.3716,61.52,87,97,8.03,ZA,2021-12-02 04:06:37
435,Porangatu,-13.4408,-49.1486,72.46,95,100,0.76,BR,2021-12-02 04:06:37
436,Ayorou,14.7308,0.9174,73.36,17,69,10.49,NE,2021-12-02 04:06:37
437,Kidal,18.4411,1.4078,69.31,19,26,10.47,ML,2021-12-02 04:06:38
438,Roald,62.5833,6.1333,36.0,69,40,17.27,NO,2021-12-02 04:06:38
439,Krivosheino,57.3431,83.9261,20.03,83,100,10.02,RU,2021-12-02 04:06:38
440,Tombouctou,20.0,-3.0,68.88,19,91,10.89,ML,2021-12-02 04:06:39
441,Khuzdar,27.7384,66.6434,57.96,32,0,1.92,PK,2021-12-02 04:06:39
442,Sirnak,37.5228,42.4594,37.47,86,46,3.53,TR,2021-12-02 04:06:39
443,Shahrud,36.4182,54.9763,49.84,43,100,2.17,IR,2021-12-02 04:06:40
444,Nara,34.6851,135.8049,53.96,48,8,5.37,JP,2021-12-02 04:06:40
445,Marienburg,54.0359,19.0266,41.85,76,100,26.22,PL,2021-12-02 04:06:40
446,Lisala,2.15,21.5167,69.85,99,100,1.21,CD,2021-12-02 04:06:41
447,Khash,28.2211,61.2158,54.18,37,0,2.19,IR,2021-12-02 04:06:41
448,Neka,36.6508,53.299,58.08,80,95,9.6,IR,2021-12-02 04:06:41
449,Embu,-23.6489,-46.8522,70.75,98,99,6.29,BR,2021-12-02 04:06:42
450,Nuuk,64.1835,-51.7216,30.18,97,100,26.4,GL,2021-12-02 04:03:31
451,Labrea,-7.2586,-64.7981,74.03,99,100,2.24,BR,2021-12-02 04:06:42
452,Stromness,58.965,-3.296,39.16,63,100,37.69,GB,2021-12-02 04:06:42
453,Kamyshevatskaya,46.4132,37.9563,39.04,76,47,10.07,RU,2021-12-02 04:06:43
454,Albany,42.6001,-73.9662,36.59,77,100,4.92,US,2021-12-02 04:05:02
455,Manadhoo,5.7667,73.3833,81.79,76,5,6.51,MV,2021-12-02 04:06:43
456,Monte Gordo,37.1819,-7.4523,53.55,75,100,17.43,PT,2021-12-02 04:06:43
457,Ferme-Neuve,46.7001,-75.4493,25.97,79,100,8.84,CA,2021-12-02 04:06:44
458,Melfi,40.9965,15.6514,49.5,79,100,8.32,IT,2021-12-02 04:06:44
459,Birnin Kebbi,12.4539,4.1975,71.91,19,100,9.42,NG,2021-12-02 04:06:44
460,Paragominas,-2.9667,-47.4833,74.44,76,96,2.48,BR,2021-12-02 04:03:09
461,Gasa,31.5,34.4667,64.18,56,70,10.65,PS,2021-12-02 04:03:26
462,Gulaothi,28.6,77.7833,61.02,31,100,3.36,IN,2021-12-02 04:07:45
463,Port Shepstone,-30.7414,30.455,72.28,83,100,4.32,ZA,2021-12-02 04:07:45
464,Ostrovnoy,68.0531,39.5131,27.3,71,100,32.41,RU,2021-12-02 04:07:45
465,Warsaw,52.2298,21.0118,44.82,88,20,57.0,PL,2021-12-02 04:06:23
466,Gao,16.6362,1.637,69.58,20,13,11.72,ML,2021-12-02 04:07:46
467,Lydenburg,-25.0978,30.4597,68.4,86,78,2.19,ZA,2021-12-02 04:07:46
468,Iskateley,67.6803,53.1512,10.04,94,100,15.3,RU,2021-12-02 04:07:46
469,Kem,64.9555,34.5793,23.23,96,100,8.23,RU,2021-12-02 04:07:47
470,Sept-Iles,50.2001,-66.3821,26.44,81,98,11.52,CA,2021-12-02 04:04:29
471,Aksay,47.26,39.87,36.25,62,15,15.01,RU,2021-12-02 04:07:47
472,Lixourion,38.2019,20.4314,55.17,67,69,5.44,GR,2021-12-02 04:07:47
473,Dumra,26.5667,85.5167,74.07,46,85,2.39,IN,2021-12-02 04:07:48
474,Pilar,-9.5972,-35.9567,75.13,93,81,3.74,BR,2021-12-02 04:07:48
475,Sahbuz,39.4072,45.5739,35.2,86,100,2.53,AZ,2021-12-02 04:07:48
476,Salto De Pirapora,-23.6489,-47.5733,72.7,86,58,8.77,BR,2021-12-02 04:07:49
477,Talas,38.6908,35.5538,25.47,93,0,2.3,TR,2021-12-02 04:07:49
478,Melk,48.2274,15.3319,47.62,85,100,9.37,AT,2021-12-02 04:07:49
479,Trairi,-3.2778,-39.2689,79.56,79,83,7.87,BR,2021-12-02 04:05:41
480,Vesoul,47.5833,5.8333,42.08,92,99,8.63,FR,2021-12-02 04:07:50
481,Muramvya,-3.2682,29.6079,55.67,90,96,2.62,BI,2021-12-02 04:07:50
482,Nizhniy Chir,48.3597,43.0865,32.36,89,99,14.74,RU,2021-12-02 04:07:50
483,Humboldt,40.6665,-123.9178,42.19,83,0,2.21,US,2021-12-02 04:07:51
484,Kiruna,67.8557,20.2251,20.32,100,90,12.66,SE,2021-12-02 04:07:51
